{
  "confirmMail": {
    "precision": 0.8333333333333334,
    "recall": 0.8333333333333334,
    "f1-score": 0.8333333333333334,
    "support": 6,
    "confused_with": {
      "profile": 1
    }
  },
  "goodbye": {
    "precision": 0.875,
    "recall": 0.5384615384615384,
    "f1-score": 0.6666666666666667,
    "support": 13,
    "confused_with": {
      "greet": 3,
      "stop": 2
    }
  },
  "profile": {
    "precision": 0.75,
    "recall": 0.6666666666666666,
    "f1-score": 0.7058823529411765,
    "support": 9,
    "confused_with": {
      "inscription": 1,
      "greet": 1
    }
  },
  "statusFolder": {
    "precision": 1.0,
    "recall": 0.6,
    "f1-score": 0.7499999999999999,
    "support": 10,
    "confused_with": {
      "greet": 4
    }
  },
  "inscription": {
    "precision": 0.7777777777777778,
    "recall": 0.7777777777777778,
    "f1-score": 0.7777777777777778,
    "support": 9,
    "confused_with": {
      "stop": 1,
      "profile": 1
    }
  },
  "greet": {
    "precision": 0.5517241379310345,
    "recall": 1.0,
    "f1-score": 0.7111111111111111,
    "support": 16,
    "confused_with": {}
  },
  "help": {
    "precision": 0.5555555555555556,
    "recall": 0.35714285714285715,
    "f1-score": 0.43478260869565216,
    "support": 14,
    "confused_with": {
      "stop": 4,
      "greet": 3
    }
  },
  "mdp": {
    "precision": 1.0,
    "recall": 0.9166666666666666,
    "f1-score": 0.9565217391304348,
    "support": 12,
    "confused_with": {
      "login": 1
    }
  },
  "stop": {
    "precision": 0.7307692307692307,
    "recall": 0.76,
    "f1-score": 0.7450980392156863,
    "support": 25,
    "confused_with": {
      "help": 2,
      "greet": 2
    }
  },
  "get_info_concours_all": {
    "precision": 1.0,
    "recall": 1.0,
    "f1-score": 1.0,
    "support": 30,
    "confused_with": {}
  },
  "get_info_concours": {
    "precision": 0.7777777777777778,
    "recall": 1.0,
    "f1-score": 0.8750000000000001,
    "support": 7,
    "confused_with": {}
  },
  "login": {
    "precision": 0.7142857142857143,
    "recall": 0.7142857142857143,
    "f1-score": 0.7142857142857143,
    "support": 7,
    "confused_with": {
      "help": 2
    }
  },
  "micro avg": {
    "precision": 0.7848101265822784,
    "recall": 0.7848101265822784,
    "f1-score": 0.7848101265822784,
    "support": 158
  },
  "macro avg": {
    "precision": 0.7971852939525355,
    "recall": 0.7636945461945461,
    "f1-score": 0.7642049452631294,
    "support": 158
  },
  "weighted avg": {
    "precision": 0.8066078430275286,
    "recall": 0.7848101265822784,
    "f1-score": 0.7798421138772882,
    "support": 158
  }
}